{
  "item-states": [
    {
      "folded": false,
      "id": "mount-assets"
    },
    {
      "folded": true,
      "id": "a3977bbb-a285-431c-ba9b-7afa8fecb74b"
    },
    {
      "folded": false,
      "id": "2d7669c1-433a-4d44-b7f5-0e47c4980561"
    },
    {
      "folded": false,
      "id": "aa79ea47-dce9-4249-a707-e3fc91dc4105"
    },
    {
      "folded": false,
      "id": "6a71255d-4b0c-40ad-8c5f-b1a5330aea5e"
    },
    {
      "folded": false,
      "id": "f0fc8fbf-872e-4915-b1b8-d2b24c15b80a"
    },
    {
      "folded": false,
      "id": "c1e3f601-e47b-4032-a61e-1c12c9aeff26"
    },
    {
      "folded": true,
      "id": "8960f805-7302-49db-bb87-cd6d7b13ac48"
    },
    {
      "folded": true,
      "id": "4c26b03d-2d67-4eee-aa89-1e71d9159324"
    },
    {
      "folded": true,
      "id": "d773ac4f-826e-43b8-b581-35724ab12958"
    },
    {
      "folded": true,
      "id": "ded53251-6ec1-4dfd-a108-2a408c251f99"
    },
    {
      "folded": true,
      "id": "ab6dc200-5ea2-4468-95b1-7d6ee1f3fa64"
    },
    {
      "folded": true,
      "id": "e6f59719-12e9-4c59-999e-6da1d1ca539c"
    },
    {
      "folded": true,
      "id": "cb360742-c920-47a0-9a5a-894649089a7c"
    },
    {
      "folded": true,
      "id": "ca79290c-67b6-4ac8-bfc3-d8540b1da406"
    },
    {
      "folded": true,
      "id": "d97270b3-42bc-410d-b743-f0bb62983a42"
    },
    {
      "folded": true,
      "id": "740e74e5-416e-4dcd-8511-e2f021a80d1d"
    },
    {
      "folded": true,
      "id": "580313b9-11ec-4b30-bc5c-95dd7da7e3c7"
    },
    {
      "folded": true,
      "id": "d1dbc444-e934-41b7-b490-71a149f4bbe0"
    },
    {
      "folded": true,
      "id": "c47004bb-3d5f-49e7-838e-c62ee8922fd3"
    },
    {
      "folded": true,
      "id": "7c3bd2c3-23ef-46d6-834c-b31cf5874142"
    },
    {
      "folded": true,
      "id": "6e56ffcd-5c08-46c7-9d2a-93d3495abe5e"
    },
    {
      "folded": true,
      "id": "7de278c3-7121-4588-bcf7-2f472b326d71"
    },
    {
      "folded": true,
      "id": "62892221-b142-4692-8850-27eb5efa43aa"
    },
    {
      "folded": true,
      "id": "30433d40-5e7b-4c23-a343-b8ba547dd14f"
    },
    {
      "folded": true,
      "id": "766b03f4-604a-4bd7-bfc1-e605b4de3c1a"
    },
    {
      "folded": true,
      "id": "cd5f635a-bd2c-4829-ba2b-fa7874aa387c"
    },
    {
      "folded": true,
      "id": "931f87c2-20b6-47e1-863e-237f9347a2ff"
    },
    {
      "folded": false,
      "id": "abb2ba18-d1df-46d9-b0ab-60f6d4a0e07c"
    }
  ]
}