{
  "version": "1.1.1",
  "windows": {
    "main": {
      "main": true,
      "url": "app://editor/index.html",
      "windowType": "dockable",
      "x": 1912,
      "y": -8,
      "width": 1936,
      "height": 1066,
      "layout": {
        "children": [
          {
            "children": [
              {
                "active": 0,
                "children": [
                  "hierarchy"
                ],
                "height": 534.984375,
                "type": "panel",
                "width": 311
              },
              {
                "active": 0,
                "children": [
                  "assets"
                ],
                "height": 400,
                "type": "panel",
                "width": 311
              }
            ],
            "height": 938,
            "type": "dock-v",
            "width": 311
          },
          {
            "children": [
              {
                "active": 0,
                "children": [
                  "scene"
                ],
                "height": 636,
                "type": "panel",
                "width": 1263
              },
              {
                "active": 1,
                "children": [
                  "console",
                  "timeline"
                ],
                "height": 299,
                "type": "panel",
                "width": 1263
              }
            ],
            "height": 938,
            "type": "dock-v",
            "width": 1263
          },
          {
            "active": 0,
            "children": [
              "inspector",
              "node-library"
            ],
            "height": 938,
            "type": "panel",
            "width": 334
          }
        ],
        "type": "dock-h"
      },
      "panels": [
        "console",
        "inspector",
        "hierarchy",
        "assets",
        "scene",
        "timeline",
        "node-library"
      ]
    }
  },
  "panels": {
    "assets": {
      "x": 1994,
      "y": 688,
      "width": 220,
      "height": 439
    }
  }
}